typeCode,freqCode,refPeriodId,refYear,refMonth,period,reporterCode,reporterISO,reporterDesc,flowCode,flowDesc,partnerCode,partnerISO,partnerDesc,partner2Code,partner2ISO,partner2Desc,classificationCode,classificationSearchCode,isOriginalClassification,cmdCode,cmdDesc,aggrLevel,isLeaf,customsCode,customsDesc,mosCode,motCode,motDesc,qtyUnitCode,qtyUnitAbbr,qty,isQtyEstimated,altQtyUnitCode,altQtyUnitAbbr,altQty,isAltQtyEstimated,netWgt,isNetWgtEstimated,grossWgt,isGrossWgtEstimated,cifvalue,fobvalue,primaryValue,legacyEstimationFlag,isReported,isAggregate
"C","A","20150101","2015","52","2015","842","USA","USA","M","Import","124","CAN","Canada","0","W00","World","H4","HS","true","903040","Instruments and apparatus; specially designed for telecommunications (e.g. cross-talk meters, gain measuring instruments, distortion factor meters, psophometers)","6","true","C00","TOTAL CPC","0","0","TOTAL MOT","-1","N/A",,"false","-1","N/A",,"false","26782","true",,"false","27356858",,"27356858","4","true","false",
"C","A","20150101","2015","52","2015","842","USA","USA","M","Import","156","CHN","China","0","W00","World","H4","HS","true","903040","Instruments and apparatus; specially designed for telecommunications (e.g. cross-talk meters, gain measuring instruments, distortion factor meters, psophometers)","6","true","C00","TOTAL CPC","0","0","TOTAL MOT","-1","N/A",,"false","-1","N/A",,"false","71796","true",,"false","73335576",,"73335576","4","true","false",
"C","A","20150101","2015","52","2015","842","USA","USA","M","Import","392","JPN","Japan","0","W00","World","H4","HS","true","903040","Instruments and apparatus; specially designed for telecommunications (e.g. cross-talk meters, gain measuring instruments, distortion factor meters, psophometers)","6","true","C00","TOTAL CPC","0","0","TOTAL MOT","-1","N/A",,"false","-1","N/A",,"false","80977","true",,"false","82713695",,"82713695","4","true","false",
"C","A","20150101","2015","52","2015","842","USA","USA","M","Import","410","KOR","Rep. of Korea","0","W00","World","H4","HS","true","903040","Instruments and apparatus; specially designed for telecommunications (e.g. cross-talk meters, gain measuring instruments, distortion factor meters, psophometers)","6","true","C00","TOTAL CPC","0","0","TOTAL MOT","-1","N/A",,"false","-1","N/A",,"false","8495","true",,"false","8677131",,"8677131","4","true","false",
"C","A","20150101","2015","52","2015","842","USA","USA","M","Import","484","MEX","Mexico","0","W00","World","H4","HS","true","903040","Instruments and apparatus; specially designed for telecommunications (e.g. cross-talk meters, gain measuring instruments, distortion factor meters, psophometers)","6","true","C00","TOTAL CPC","0","0","TOTAL MOT","-1","N/A",,"false","-1","N/A",,"false","26040","true",,"false","26598552",,"26598552","4","true","false",
"C","A","20150101","2015","52","2015","842","USA","USA","M","Import","699","IND","India","0","W00","World","H4","HS","true","903040","Instruments and apparatus; specially designed for telecommunications (e.g. cross-talk meters, gain measuring instruments, distortion factor meters, psophometers)","6","true","C00","TOTAL CPC","0","0","TOTAL MOT","-1","N/A",,"false","-1","N/A",,"false","836","true",,"false","854057",,"854057","4","true","false",
"C","A","20150101","2015","52","2015","842","USA","USA","M","Import","704","VNM","Viet Nam","0","W00","World","H4","HS","true","903040","Instruments and apparatus; specially designed for telecommunications (e.g. cross-talk meters, gain measuring instruments, distortion factor meters, psophometers)","6","true","C00","TOTAL CPC","0","0","TOTAL MOT","-1","N/A",,"false","-1","N/A",,"false","843","true",,"false","861485",,"861485","4","true","false",
"C","A","20150101","2015","52","2015","842","USA","USA","M","Import","764","THA","Thailand","0","W00","World","H4","HS","true","903040","Instruments and apparatus; specially designed for telecommunications (e.g. cross-talk meters, gain measuring instruments, distortion factor meters, psophometers)","6","true","C00","TOTAL CPC","0","0","TOTAL MOT","-1","N/A",,"false","-1","N/A",,"false","38733","true",,"false","39564304",,"39564304","4","true","false",
"C","A","20160101","2016","52","2016","842","USA","USA","M","Import","124","CAN","Canada","0","W00","World","H4","HS","true","903040","Instruments and apparatus; specially designed for telecommunications (e.g. cross-talk meters, gain measuring instruments, distortion factor meters, psophometers)","6","true","C00","TOTAL CPC","0","0","TOTAL MOT","-1","N/A","0","false","-1","N/A","0","false","27610.404","true","0","false","27598266",,"27598266","4","true","false",
"C","A","20160101","2016","52","2016","842","USA","USA","M","Import","156","CHN","China","0","W00","World","H4","HS","true","903040","Instruments and apparatus; specially designed for telecommunications (e.g. cross-talk meters, gain measuring instruments, distortion factor meters, psophometers)","6","true","C00","TOTAL CPC","0","0","TOTAL MOT","-1","N/A","0","false","-1","N/A","0","false","78313.175","true","0","false","78278746",,"78278746","4","true","false",
"C","A","20160101","2016","52","2016","842","USA","USA","M","Import","392","JPN","Japan","0","W00","World","H4","HS","true","903040","Instruments and apparatus; specially designed for telecommunications (e.g. cross-talk meters, gain measuring instruments, distortion factor meters, psophometers)","6","true","C00","TOTAL CPC","0","0","TOTAL MOT","-1","N/A","0","false","-1","N/A","0","false","37886.66","true","0","false","37870004",,"37870004","4","true","false",
"C","A","20160101","2016","52","2016","842","USA","USA","M","Import","410","KOR","Rep. of Korea","0","W00","World","H4","HS","true","903040","Instruments and apparatus; specially designed for telecommunications (e.g. cross-talk meters, gain measuring instruments, distortion factor meters, psophometers)","6","true","C00","TOTAL CPC","0","0","TOTAL MOT","-1","N/A","0","false","-1","N/A","0","false","7858.117","true","0","false","7854662",,"7854662","4","true","false",
"C","A","20160101","2016","52","2016","842","USA","USA","M","Import","484","MEX","Mexico","0","W00","World","H4","HS","true","903040","Instruments and apparatus; specially designed for telecommunications (e.g. cross-talk meters, gain measuring instruments, distortion factor meters, psophometers)","6","true","C00","TOTAL CPC","0","0","TOTAL MOT","-1","N/A","0","false","-1","N/A","0","false","24356.249","true","0","false","24345541",,"24345541","4","true","false",
"C","A","20160101","2016","52","2016","842","USA","USA","M","Import","699","IND","India","0","W00","World","H4","HS","true","903040","Instruments and apparatus; specially designed for telecommunications (e.g. cross-talk meters, gain measuring instruments, distortion factor meters, psophometers)","6","true","C00","TOTAL CPC","0","0","TOTAL MOT","-1","N/A","0","false","-1","N/A","0","false","586.49","true","0","false","586232",,"586232","4","true","false",
"C","A","20160101","2016","52","2016","842","USA","USA","M","Import","704","VNM","Viet Nam","0","W00","World","H4","HS","true","903040","Instruments and apparatus; specially designed for telecommunications (e.g. cross-talk meters, gain measuring instruments, distortion factor meters, psophometers)","6","true","C00","TOTAL CPC","0","0","TOTAL MOT","-1","N/A","0","false","-1","N/A","0","false","1694.856","true","0","false","1694111",,"1694111","4","true","false",
"C","A","20160101","2016","52","2016","842","USA","USA","M","Import","764","THA","Thailand","0","W00","World","H4","HS","true","903040","Instruments and apparatus; specially designed for telecommunications (e.g. cross-talk meters, gain measuring instruments, distortion factor meters, psophometers)","6","true","C00","TOTAL CPC","0","0","TOTAL MOT","-1","N/A","0","false","-1","N/A","0","false","23248.6","true","0","false","23238379",,"23238379","4","true","false",
"C","A","20170101","2017","52","2017","842","USA","USA","M","Import","124","CAN","Canada","0","W00","World","H5","HS","true","903040","Instruments and apparatus; specially designed for telecommunications (e.g. cross-talk meters, gain measuring instruments, distortion factor meters, psophometers)","6","true","C00","TOTAL CPC","0","0","TOTAL MOT","-1","N/A","0","true","-1","N/A","0","false","20357.857","true","0","false","20412401","0","20412401","6","true","false",
"C","A","20170101","2017","52","2017","842","USA","USA","M","Import","156","CHN","China","0","W00","World","H5","HS","true","903040","Instruments and apparatus; specially designed for telecommunications (e.g. cross-talk meters, gain measuring instruments, distortion factor meters, psophometers)","6","true","C00","TOTAL CPC","0","0","TOTAL MOT","-1","N/A","0","true","-1","N/A","0","false","84353.52","true","0","false","84579524","0","84579524","6","true","false",
"C","A","20170101","2017","52","2017","842","USA","USA","M","Import","392","JPN","Japan","0","W00","World","H5","HS","true","903040","Instruments and apparatus; specially designed for telecommunications (e.g. cross-talk meters, gain measuring instruments, distortion factor meters, psophometers)","6","true","C00","TOTAL CPC","0","0","TOTAL MOT","-1","N/A","0","true","-1","N/A","0","false","25468.324","true","0","false","25536560","0","25536560","6","true","false",
"C","A","20170101","2017","52","2017","842","USA","USA","M","Import","410","KOR","Rep. of Korea","0","W00","World","H5","HS","true","903040","Instruments and apparatus; specially designed for telecommunications (e.g. cross-talk meters, gain measuring instruments, distortion factor meters, psophometers)","6","true","C00","TOTAL CPC","0","0","TOTAL MOT","-1","N/A","0","true","-1","N/A","0","false","7864.732","true","0","false","7885804","0","7885804","6","true","false",
"C","A","20170101","2017","52","2017","842","USA","USA","M","Import","484","MEX","Mexico","0","W00","World","H5","HS","true","903040","Instruments and apparatus; specially designed for telecommunications (e.g. cross-talk meters, gain measuring instruments, distortion factor meters, psophometers)","6","true","C00","TOTAL CPC","0","0","TOTAL MOT","-1","N/A","0","true","-1","N/A","0","false","31246.444","true","0","false","31330161","0","31330161","6","true","false",
"C","A","20170101","2017","52","2017","842","USA","USA","M","Import","699","IND","India","0","W00","World","H5","HS","true","903040","Instruments and apparatus; specially designed for telecommunications (e.g. cross-talk meters, gain measuring instruments, distortion factor meters, psophometers)","6","true","C00","TOTAL CPC","0","0","TOTAL MOT","-1","N/A","0","true","-1","N/A","0","false","636.013","true","0","false","637717","0","637717","6","true","false",
"C","A","20170101","2017","52","2017","842","USA","USA","M","Import","704","VNM","Viet Nam","0","W00","World","H5","HS","true","903040","Instruments and apparatus; specially designed for telecommunications (e.g. cross-talk meters, gain measuring instruments, distortion factor meters, psophometers)","6","true","C00","TOTAL CPC","0","0","TOTAL MOT","-1","N/A","0","true","-1","N/A","0","false","10362.125","true","0","false","10389888","0","10389888","6","true","false",
"C","A","20170101","2017","52","2017","842","USA","USA","M","Import","764","THA","Thailand","0","W00","World","H5","HS","true","903040","Instruments and apparatus; specially designed for telecommunications (e.g. cross-talk meters, gain measuring instruments, distortion factor meters, psophometers)","6","true","C00","TOTAL CPC","0","0","TOTAL MOT","-1","N/A","0","true","-1","N/A","0","false","17336.758","true","0","false","17383207","0","17383207","6","true","false",
"C","A","20180101","2018","52","2018","842","USA","USA","M","Import","124","CAN","Canada","0","W00","World","H5","HS","true","903040","Instruments and apparatus; specially designed for telecommunications (e.g. cross-talk meters, gain measuring instruments, distortion factor meters, psophometers)","6","true","C00","TOTAL CPC","0","0","TOTAL MOT","-1","N/A","0","true","-1","N/A","0","false","26574.233","true","0","false","27984695","0","27984695","6","true","false",
"C","A","20180101","2018","52","2018","842","USA","USA","M","Import","156","CHN","China","0","W00","World","H5","HS","true","903040","Instruments and apparatus; specially designed for telecommunications (e.g. cross-talk meters, gain measuring instruments, distortion factor meters, psophometers)","6","true","C00","TOTAL CPC","0","0","TOTAL MOT","-1","N/A","0","true","-1","N/A","0","false","64281.305","true","0","false","67693119","0","67693119","6","true","false",
"C","A","20180101","2018","52","2018","842","USA","USA","M","Import","392","JPN","Japan","0","W00","World","H5","HS","true","903040","Instruments and apparatus; specially designed for telecommunications (e.g. cross-talk meters, gain measuring instruments, distortion factor meters, psophometers)","6","true","C00","TOTAL CPC","0","0","TOTAL MOT","-1","N/A","0","true","-1","N/A","0","false","37165.083","true","0","false","39137668","0","39137668","6","true","false",
"C","A","20180101","2018","52","2018","842","USA","USA","M","Import","410","KOR","Rep. of Korea","0","W00","World","H5","HS","true","903040","Instruments and apparatus; specially designed for telecommunications (e.g. cross-talk meters, gain measuring instruments, distortion factor meters, psophometers)","6","true","C00","TOTAL CPC","0","0","TOTAL MOT","-1","N/A","0","true","-1","N/A","0","false","11365.331","true","0","false","11968561","0","11968561","6","true","false",
"C","A","20180101","2018","52","2018","842","USA","USA","M","Import","484","MEX","Mexico","0","W00","World","H5","HS","true","903040","Instruments and apparatus; specially designed for telecommunications (e.g. cross-talk meters, gain measuring instruments, distortion factor meters, psophometers)","6","true","C00","TOTAL CPC","0","0","TOTAL MOT","-1","N/A","0","true","-1","N/A","0","false","25342.588","true","0","false","26687679","0","26687679","6","true","false",
"C","A","20180101","2018","52","2018","842","USA","USA","M","Import","699","IND","India","0","W00","World","H5","HS","true","903040","Instruments and apparatus; specially designed for telecommunications (e.g. cross-talk meters, gain measuring instruments, distortion factor meters, psophometers)","6","true","C00","TOTAL CPC","0","0","TOTAL MOT","-1","N/A","0","true","-1","N/A","0","false","2721.696","true","0","false","2866154","0","2866154","6","true","false",
"C","A","20180101","2018","52","2018","842","USA","USA","M","Import","704","VNM","Viet Nam","0","W00","World","H5","HS","true","903040","Instruments and apparatus; specially designed for telecommunications (e.g. cross-talk meters, gain measuring instruments, distortion factor meters, psophometers)","6","true","C00","TOTAL CPC","0","0","TOTAL MOT","-1","N/A","0","true","-1","N/A","0","false","59.542","true","0","false","62702","0","62702","6","true","false",
"C","A","20180101","2018","52","2018","842","USA","USA","M","Import","764","THA","Thailand","0","W00","World","H5","HS","true","903040","Instruments and apparatus; specially designed for telecommunications (e.g. cross-talk meters, gain measuring instruments, distortion factor meters, psophometers)","6","true","C00","TOTAL CPC","0","0","TOTAL MOT","-1","N/A","0","true","-1","N/A","0","false","17436.285","true","0","false","18361739","0","18361739","6","true","false",
"C","A","20190101","2019","52","2019","842","USA","USA","M","Import","124","CAN","Canada","0","W00","World","H5","HS","true","903040","Instruments and apparatus; specially designed for telecommunications (e.g. cross-talk meters, gain measuring instruments, distortion factor meters, psophometers)","6","true","C00","TOTAL CPC","0","0","TOTAL MOT","-1","N/A","0","true","-1","N/A","0","false","29549.149","true","0","false","32710428","32278967","32710428","6","true","false",
"C","A","20190101","2019","52","2019","842","USA","USA","M","Import","156","CHN","China","0","W00","World","H5","HS","true","903040","Instruments and apparatus; specially designed for telecommunications (e.g. cross-talk meters, gain measuring instruments, distortion factor meters, psophometers)","6","true","C00","TOTAL CPC","0","0","TOTAL MOT","-1","N/A","0","true","-1","N/A","0","false","26093.943","true","0","false","28885571","28242405","28885571","6","true","false",
"C","A","20190101","2019","52","2019","842","USA","USA","M","Import","392","JPN","Japan","0","W00","World","H5","HS","true","903040","Instruments and apparatus; specially designed for telecommunications (e.g. cross-talk meters, gain measuring instruments, distortion factor meters, psophometers)","6","true","C00","TOTAL CPC","0","0","TOTAL MOT","-1","N/A","0","true","-1","N/A","0","false","37908.773","true","0","false","41964396","41791963","41964396","6","true","false",
"C","A","20190101","2019","52","2019","842","USA","USA","M","Import","410","KOR","Rep. of Korea","0","W00","World","H5","HS","true","903040","Instruments and apparatus; specially designed for telecommunications (e.g. cross-talk meters, gain measuring instruments, distortion factor meters, psophometers)","6","true","C00","TOTAL CPC","0","0","TOTAL MOT","-1","N/A","0","true","-1","N/A","0","false","10156.156","true","0","false","11242700","11140918","11242700","6","true","false",
"C","A","20190101","2019","52","2019","842","USA","USA","M","Import","484","MEX","Mexico","0","W00","World","H5","HS","true","903040","Instruments and apparatus; specially designed for telecommunications (e.g. cross-talk meters, gain measuring instruments, distortion factor meters, psophometers)","6","true","C00","TOTAL CPC","0","0","TOTAL MOT","-1","N/A","0","true","-1","N/A","0","false","24782.486","true","0","false","27433809","27307357","27433809","6","true","false",
"C","A","20190101","2019","52","2019","842","USA","USA","M","Import","699","IND","India","0","W00","World","H5","HS","true","903040","Instruments and apparatus; specially designed for telecommunications (e.g. cross-talk meters, gain measuring instruments, distortion factor meters, psophometers)","6","true","C00","TOTAL CPC","0","0","TOTAL MOT","-1","N/A","0","true","-1","N/A","0","false","1684.784","true","0","false","1865028","1848006","1865028","6","true","false",
"C","A","20190101","2019","52","2019","842","USA","USA","M","Import","704","VNM","Viet Nam","0","W00","World","H5","HS","true","903040","Instruments and apparatus; specially designed for telecommunications (e.g. cross-talk meters, gain measuring instruments, distortion factor meters, psophometers)","6","true","C00","TOTAL CPC","0","0","TOTAL MOT","-1","N/A","0","true","-1","N/A","0","false","198.445","true","0","false","219675","205490","219675","6","true","false",
"C","A","20190101","2019","52","2019","842","USA","USA","M","Import","764","THA","Thailand","0","W00","World","H5","HS","true","903040","Instruments and apparatus; specially designed for telecommunications (e.g. cross-talk meters, gain measuring instruments, distortion factor meters, psophometers)","6","true","C00","TOTAL CPC","0","0","TOTAL MOT","-1","N/A","0","true","-1","N/A","0","false","19083.678","true","0","false","21125321","20795337","21125321","6","true","false",
"C","A","20200101","2020","52","2020","842","USA","USA","M","Import","124","CAN","Canada","0","W00","World","H5","HS","true","903040","Instruments and apparatus; specially designed for telecommunications (e.g. cross-talk meters, gain measuring instruments, distortion factor meters, psophometers)","6","true","C00","TOTAL CPC","0","0","TOTAL MOT","5","u","58766","false","5","u","58766","false","18742.988","true","0","false","21734101","0","21734101","4","true","false",
"C","A","20200101","2020","52","2020","842","USA","USA","M","Import","156","CHN","China","0","W00","World","H5","HS","true","903040","Instruments and apparatus; specially designed for telecommunications (e.g. cross-talk meters, gain measuring instruments, distortion factor meters, psophometers)","6","true","C00","TOTAL CPC","0","0","TOTAL MOT","5","u","676438","false","5","u","676438","false","23808.102","true","0","false","27607535","0","27607535","4","true","false",
"C","A","20200101","2020","52","2020","842","USA","USA","M","Import","392","JPN","Japan","0","W00","World","H5","HS","true","903040","Instruments and apparatus; specially designed for telecommunications (e.g. cross-talk meters, gain measuring instruments, distortion factor meters, psophometers)","6","true","C00","TOTAL CPC","0","0","TOTAL MOT","5","u","237588","false","5","u","237588","false","41511.823","true","0","false","48136518","0","48136518","4","true","false",
"C","A","20200101","2020","52","2020","842","USA","USA","M","Import","410","KOR","Rep. of Korea","0","W00","World","H5","HS","true","903040","Instruments and apparatus; specially designed for telecommunications (e.g. cross-talk meters, gain measuring instruments, distortion factor meters, psophometers)","6","true","C00","TOTAL CPC","0","0","TOTAL MOT","5","u","19837","false","5","u","19837","false","6012.89","true","0","false","6972462","0","6972462","4","true","false",
"C","A","20200101","2020","52","2020","842","USA","USA","M","Import","484","MEX","Mexico","0","W00","World","H5","HS","true","903040","Instruments and apparatus; specially designed for telecommunications (e.g. cross-talk meters, gain measuring instruments, distortion factor meters, psophometers)","6","true","C00","TOTAL CPC","0","0","TOTAL MOT","5","u","25890","false","5","u","25890","false","11685.852","true","0","false","13550747","0","13550747","4","true","false",
"C","A","20200101","2020","52","2020","842","USA","USA","M","Import","699","IND","India","0","W00","World","H5","HS","true","903040","Instruments and apparatus; specially designed for telecommunications (e.g. cross-talk meters, gain measuring instruments, distortion factor meters, psophometers)","6","true","C00","TOTAL CPC","0","0","TOTAL MOT","5","u","4708","false","5","u","4708","false","1554.309","true","0","false","1802354","0","1802354","4","true","false",
"C","A","20200101","2020","52","2020","842","USA","USA","M","Import","704","VNM","Viet Nam","0","W00","World","H5","HS","true","903040","Instruments and apparatus; specially designed for telecommunications (e.g. cross-talk meters, gain measuring instruments, distortion factor meters, psophometers)","6","true","C00","TOTAL CPC","0","0","TOTAL MOT","5","u","13590","false","5","u","13590","false","220.587","true","0","false","255789","0","255789","4","true","false",
"C","A","20200101","2020","52","2020","842","USA","USA","M","Import","764","THA","Thailand","0","W00","World","H5","HS","true","903040","Instruments and apparatus; specially designed for telecommunications (e.g. cross-talk meters, gain measuring instruments, distortion factor meters, psophometers)","6","true","C00","TOTAL CPC","0","0","TOTAL MOT","5","u","57460","false","5","u","57460","false","18244.328","true","0","false","21155862","0","21155862","4","true","false",
"C","A","20210101","2021","52","2021","842","USA","USA","M","Import","124","CAN","Canada","0","W00","World","H5","HS","true","903040","Instruments and apparatus; specially designed for telecommunications (e.g. cross-talk meters, gain measuring instruments, distortion factor meters, psophometers)","6","true","C00","TOTAL CPC","0","0","TOTAL MOT","5","u","74187","false","5","u","74187","false","24365.724","true","0","false","28440710","0","28440710","4","true","false",
"C","A","20210101","2021","52","2021","842","USA","USA","M","Import","156","CHN","China","0","W00","World","H5","HS","true","903040","Instruments and apparatus; specially designed for telecommunications (e.g. cross-talk meters, gain measuring instruments, distortion factor meters, psophometers)","6","true","C00","TOTAL CPC","0","0","TOTAL MOT","5","u","774441","false","5","u","774441","false","26168.201","true","0","false","30544638","0","30544638","4","true","false",
"C","A","20210101","2021","52","2021","842","USA","USA","M","Import","392","JPN","Japan","0","W00","World","H5","HS","true","903040","Instruments and apparatus; specially designed for telecommunications (e.g. cross-talk meters, gain measuring instruments, distortion factor meters, psophometers)","6","true","C00","TOTAL CPC","0","0","TOTAL MOT","5","u","86116","false","5","u","86116","false","36092.176","true","0","false","42128325","0","42128325","4","true","false",
"C","A","20210101","2021","52","2021","842","USA","USA","M","Import","410","KOR","Rep. of Korea","0","W00","World","H5","HS","true","903040","Instruments and apparatus; specially designed for telecommunications (e.g. cross-talk meters, gain measuring instruments, distortion factor meters, psophometers)","6","true","C00","TOTAL CPC","0","0","TOTAL MOT","5","u","28287","false","5","u","28287","false","7904.345","true","0","false","9226288","0","9226288","4","true","false",
"C","A","20210101","2021","52","2021","842","USA","USA","M","Import","484","MEX","Mexico","0","W00","World","H5","HS","true","903040","Instruments and apparatus; specially designed for telecommunications (e.g. cross-talk meters, gain measuring instruments, distortion factor meters, psophometers)","6","true","C00","TOTAL CPC","0","0","TOTAL MOT","5","u","30736","false","5","u","30736","false","16325.969","true","0","false","19056366","0","19056366","4","true","false",
"C","A","20210101","2021","52","2021","842","USA","USA","M","Import","699","IND","India","0","W00","World","H5","HS","true","903040","Instruments and apparatus; specially designed for telecommunications (e.g. cross-talk meters, gain measuring instruments, distortion factor meters, psophometers)","6","true","C00","TOTAL CPC","0","0","TOTAL MOT","5","u","4883","false","5","u","4883","false","1940.243","true","0","false","2264734","0","2264734","4","true","false",
"C","A","20210101","2021","52","2021","842","USA","USA","M","Import","704","VNM","Viet Nam","0","W00","World","H5","HS","true","903040","Instruments and apparatus; specially designed for telecommunications (e.g. cross-talk meters, gain measuring instruments, distortion factor meters, psophometers)","6","true","C00","TOTAL CPC","0","0","TOTAL MOT","5","u","4565","false","5","u","4565","false","467.222","true","0","false","545361","0","545361","4","true","false",
"C","A","20210101","2021","52","2021","842","USA","USA","M","Import","764","THA","Thailand","0","W00","World","H5","HS","true","903040","Instruments and apparatus; specially designed for telecommunications (e.g. cross-talk meters, gain measuring instruments, distortion factor meters, psophometers)","6","true","C00","TOTAL CPC","0","0","TOTAL MOT","5","u","98105","false","5","u","98105","false","14101.708","true","0","false","16460114","0","16460114","4","true","false",
"C","A","20220101","2022","52","2022","842","USA","USA","M","Import","124","CAN","Canada","0","W00","World","H6","HS","true","903040","Instruments and apparatus; specially designed for telecommunications (e.g. cross-talk meters, gain measuring instruments, distortion factor meters, psophometers)","6","true","C00","TOTAL CPC","0","0","TOTAL MOT","5","u","75790","false","5","u","75790","false","24157.24","true","0","false","29530294","29203953","29530294","4","true","false",
"C","A","20220101","2022","52","2022","842","USA","USA","M","Import","156","CHN","China","0","W00","World","H6","HS","true","903040","Instruments and apparatus; specially designed for telecommunications (e.g. cross-talk meters, gain measuring instruments, distortion factor meters, psophometers)","6","true","C00","TOTAL CPC","0","0","TOTAL MOT","5","u","763006","false","5","u","763006","false","26415.719","true","0","false","32291104","31526849","32291104","4","true","false",
"C","A","20220101","2022","52","2022","842","USA","USA","M","Import","392","JPN","Japan","0","W00","World","H6","HS","true","903040","Instruments and apparatus; specially designed for telecommunications (e.g. cross-talk meters, gain measuring instruments, distortion factor meters, psophometers)","6","true","C00","TOTAL CPC","0","0","TOTAL MOT","5","u","63636","false","5","u","63636","false","28088.403","true","0","false","34335827","34152323","34335827","4","true","false",
"C","A","20220101","2022","52","2022","842","USA","USA","M","Import","410","KOR","Rep. of Korea","0","W00","World","H6","HS","true","903040","Instruments and apparatus; specially designed for telecommunications (e.g. cross-talk meters, gain measuring instruments, distortion factor meters, psophometers)","6","true","C00","TOTAL CPC","0","0","TOTAL MOT","5","u","23612","false","5","u","23612","false","9928.239","true","0","false","12136478","11979557","12136478","4","true","false",
"C","A","20220101","2022","52","2022","842","USA","USA","M","Import","484","MEX","Mexico","0","W00","World","H6","HS","true","903040","Instruments and apparatus; specially designed for telecommunications (e.g. cross-talk meters, gain measuring instruments, distortion factor meters, psophometers)","6","true","C00","TOTAL CPC","0","0","TOTAL MOT","5","u","63364","false","5","u","63364","false","11761.052","true","0","false","14376946","14245989","14376946","4","true","false",
"C","A","20220101","2022","52","2022","842","USA","USA","M","Import","699","IND","India","0","W00","World","H6","HS","true","903040","Instruments and apparatus; specially designed for telecommunications (e.g. cross-talk meters, gain measuring instruments, distortion factor meters, psophometers)","6","true","C00","TOTAL CPC","0","0","TOTAL MOT","5","u","4420","false","5","u","4420","false","1760.862","true","0","false","2152513","2133931","2152513","4","true","false",
"C","A","20220101","2022","52","2022","842","USA","USA","M","Import","704","VNM","Viet Nam","0","W00","World","H6","HS","true","903040","Instruments and apparatus; specially designed for telecommunications (e.g. cross-talk meters, gain measuring instruments, distortion factor meters, psophometers)","6","true","C00","TOTAL CPC","0","0","TOTAL MOT","5","u","12913","false","5","u","12913","false","5940.027","true","0","false","7261208","7094974","7261208","4","true","false",
"C","A","20220101","2022","52","2022","842","USA","USA","M","Import","764","THA","Thailand","0","W00","World","H6","HS","true","903040","Instruments and apparatus; specially designed for telecommunications (e.g. cross-talk meters, gain measuring instruments, distortion factor meters, psophometers)","6","true","C00","TOTAL CPC","0","0","TOTAL MOT","5","u","76340","false","5","u","76340","false","18349.11","true","0","false","22430319","22104223","22430319","4","true","false",
"C","A","20230101","2023","52","2023","842","USA","USA","M","Import","124","CAN","Canada","0","W00","World","H6","HS","true","903040","Instruments and apparatus; specially designed for telecommunications (e.g. cross-talk meters, gain measuring instruments, distortion factor meters, psophometers)","6","true","C00","TOTAL CPC","0","0","TOTAL MOT","5","u","56411","false","5","u","56411","false","22745.054","true","0","false","30956446","30602162","30956446","4","true","false",
"C","A","20230101","2023","52","2023","842","USA","USA","M","Import","156","CHN","China","0","W00","World","H6","HS","true","903040","Instruments and apparatus; specially designed for telecommunications (e.g. cross-talk meters, gain measuring instruments, distortion factor meters, psophometers)","6","true","C00","TOTAL CPC","0","0","TOTAL MOT","5","u","552392","false","5","u","552392","false","18930.509","true","0","false","25764778","25118347","25764778","4","true","false",
"C","A","20230101","2023","52","2023","842","USA","USA","M","Import","392","JPN","Japan","0","W00","World","H6","HS","true","903040","Instruments and apparatus; specially designed for telecommunications (e.g. cross-talk meters, gain measuring instruments, distortion factor meters, psophometers)","6","true","C00","TOTAL CPC","0","0","TOTAL MOT","5","u","45608","false","5","u","45608","false","23348.822","true","0","false","31778186","31270266","31778186","4","true","false",
"C","A","20230101","2023","52","2023","842","USA","USA","M","Import","410","KOR","Rep. of Korea","0","W00","World","H6","HS","true","903040","Instruments and apparatus; specially designed for telecommunications (e.g. cross-talk meters, gain measuring instruments, distortion factor meters, psophometers)","6","true","C00","TOTAL CPC","0","0","TOTAL MOT","5","u","24838","false","5","u","24838","false","9399.73","true","0","false","12793209","12622865","12793209","4","true","false",
"C","A","20230101","2023","52","2023","842","USA","USA","M","Import","484","MEX","Mexico","0","W00","World","H6","HS","true","903040","Instruments and apparatus; specially designed for telecommunications (e.g. cross-talk meters, gain measuring instruments, distortion factor meters, psophometers)","6","true","C00","TOTAL CPC","0","0","TOTAL MOT","5","u","28797","false","5","u","28797","false","11305.682","true","0","false","15387246","15246583","15387246","4","true","false",
"C","A","20230101","2023","52","2023","842","USA","USA","M","Import","699","IND","India","0","W00","World","H6","HS","true","903040","Instruments and apparatus; specially designed for telecommunications (e.g. cross-talk meters, gain measuring instruments, distortion factor meters, psophometers)","6","true","C00","TOTAL CPC","0","0","TOTAL MOT","5","u","4609","false","5","u","4609","false","2249.48","true","0","false","3061584","3037852","3061584","4","true","false",
"C","A","20230101","2023","52","2023","842","USA","USA","M","Import","704","VNM","Viet Nam","0","W00","World","H6","HS","true","903040","Instruments and apparatus; specially designed for telecommunications (e.g. cross-talk meters, gain measuring instruments, distortion factor meters, psophometers)","6","true","C00","TOTAL CPC","0","0","TOTAL MOT","5","u","3037","false","5","u","3037","false","1186.215","true","0","false","1614461","1602259","1614461","4","true","false",
"C","A","20230101","2023","52","2023","842","USA","USA","M","Import","764","THA","Thailand","0","W00","World","H6","HS","true","903040","Instruments and apparatus; specially designed for telecommunications (e.g. cross-talk meters, gain measuring instruments, distortion factor meters, psophometers)","6","true","C00","TOTAL CPC","0","0","TOTAL MOT","5","u","40734","false","5","u","40734","false","12656.001","true","0","false","17225055","17000612","17225055","4","true","false",
"C","A","20240101","2024","52","2024","842","USA","USA","M","Import","124","CAN","Canada","0","W00","World","H6","HS","true","903040","Instruments and apparatus; specially designed for telecommunications (e.g. cross-talk meters, gain measuring instruments, distortion factor meters, psophometers)","6","true","C00","TOTAL CPC","0","0","TOTAL MOT","5","u","29143","false","5","u","29143","false","26683.785","true","0","false","37539381","37177295","37539381","4","true","false",
"C","A","20240101","2024","52","2024","842","USA","USA","M","Import","156","CHN","China","0","W00","World","H6","HS","true","903040","Instruments and apparatus; specially designed for telecommunications (e.g. cross-talk meters, gain measuring instruments, distortion factor meters, psophometers)","6","true","C00","TOTAL CPC","0","0","TOTAL MOT","5","u","218315","false","5","u","218315","false","19306.273","true","0","false","27160523","26511667","27160523","4","true","false",
"C","A","20240101","2024","52","2024","842","USA","USA","M","Import","392","JPN","Japan","0","W00","World","H6","HS","true","903040","Instruments and apparatus; specially designed for telecommunications (e.g. cross-talk meters, gain measuring instruments, distortion factor meters, psophometers)","6","true","C00","TOTAL CPC","0","0","TOTAL MOT","5","u","4619","false","5","u","4619","false","22898.373","true","0","false","32213974","32022713","32213974","4","true","false",
"C","A","20240101","2024","52","2024","842","USA","USA","M","Import","410","KOR","Rep. of Korea","0","W00","World","H6","HS","true","903040","Instruments and apparatus; specially designed for telecommunications (e.g. cross-talk meters, gain measuring instruments, distortion factor meters, psophometers)","6","true","C00","TOTAL CPC","0","0","TOTAL MOT","5","u","18005","false","5","u","18005","false","5437.981","true","0","false","7650280","7489831","7650280","4","true","false",
"C","A","20240101","2024","52","2024","842","USA","USA","M","Import","484","MEX","Mexico","0","W00","World","H6","HS","true","903040","Instruments and apparatus; specially designed for telecommunications (e.g. cross-talk meters, gain measuring instruments, distortion factor meters, psophometers)","6","true","C00","TOTAL CPC","0","0","TOTAL MOT","5","u","21496","false","5","u","21496","false","8756.663","true","0","false","12319081","12139086","12319081","4","true","false",
"C","A","20240101","2024","52","2024","842","USA","USA","M","Import","699","IND","India","0","W00","World","H6","HS","true","903040","Instruments and apparatus; specially designed for telecommunications (e.g. cross-talk meters, gain measuring instruments, distortion factor meters, psophometers)","6","true","C00","TOTAL CPC","0","0","TOTAL MOT","5","u","344","false","5","u","344","false","1182.885","true","0","false","1664111","1648330","1664111","4","true","false",
"C","A","20240101","2024","52","2024","842","USA","USA","M","Import","704","VNM","Viet Nam","0","W00","World","H6","HS","true","903040","Instruments and apparatus; specially designed for telecommunications (e.g. cross-talk meters, gain measuring instruments, distortion factor meters, psophometers)","6","true","C00","TOTAL CPC","0","0","TOTAL MOT","5","u","252","false","5","u","252","false","695.605","true","0","false","978593","973030","978593","4","true","false",
"C","A","20240101","2024","52","2024","842","USA","USA","M","Import","764","THA","Thailand","0","W00","World","H6","HS","true","903040","Instruments and apparatus; specially designed for telecommunications (e.g. cross-talk meters, gain measuring instruments, distortion factor meters, psophometers)","6","true","C00","TOTAL CPC","0","0","TOTAL MOT","5","u","14675","false","5","u","14675","false","13946.523","true","0","false","19620299","19349885","19620299","4","true","false",
